{"cameraMode":{"drawMode":0,"name":"Shaded","section":"Shading Mode"},"sceneLighting":false,"audioPlay":false,"sceneViewState":{"m_AlwaysRefresh":false,"showFog":true,"showSkybox":false,"showFlares":true,"showImageEffects":true,"showParticleSystems":true,"showVisualEffectGraphs":true,"m_FxEnabled":true},"in2DMode":false,"pivot":{"x":0.09980392456054688,"y":0.3504292964935303,"z":-0.2802269458770752},"rotation":{"x":-0.07019389420747757,"y":0.9063777327537537,"z":-0.1666281819343567,"w":-0.3818211853504181},"size":1.3207294940948487,"orthographic":false}